dir,start_time_utc,end_time_utc,bars,net_pts,span_pts,efficiency_%,mae_pts,start_close,end_close,start_time_london,end_time_london
UP,2025-01-02 11:35:00+00:00,2025-01-02 12:40:00+00:00,66,150.0,182.5,82.2,13.5,42834.1,42984.1,2025-01-02 11:35:00+00:00,2025-01-02 12:40:00+00:00
DOWN,2025-01-02 17:18:00+00:00,2025-01-02 18:43:00+00:00,86,-364.0,459.4,79.2,22.4,42674.2,42310.2,2025-01-02 17:18:00+00:00,2025-01-02 18:43:00+00:00
UP,2025-01-02 20:02:00+00:00,2025-01-02 20:34:00+00:00,33,108.4,195.0,55.6,29.0,42380.2,42488.6,2025-01-02 20:02:00+00:00,2025-01-02 20:34:00+00:00
UP,2025-01-03 14:06:00+00:00,2025-01-03 14:45:00+00:00,40,78.1,190.1,41.1,22.0,42587.3,42665.4,2025-01-03 14:06:00+00:00,2025-01-03 14:45:00+00:00
UP,2025-01-03 18:04:00+00:00,2025-01-03 19:49:00+00:00,106,105.4,152.6,69.1,11.6,42703.4,42808.8,2025-01-03 18:04:00+00:00,2025-01-03 19:49:00+00:00
UP,2025-01-06 11:05:00+00:00,2025-01-06 12:17:00+00:00,73,135.0,187.5,72.0,13.5,42779.1,42914.1,2025-01-06 11:05:00+00:00,2025-01-06 12:17:00+00:00
UP,2025-01-06 13:26:00+00:00,2025-01-06 14:14:00+00:00,49,72.0,86.0,83.7,6.0,42948.6,43020.6,2025-01-06 13:26:00+00:00,2025-01-06 14:14:00+00:00
UP,2025-01-06 14:45:00+00:00,2025-01-06 15:19:00+00:00,35,99.0,206.6,47.9,29.6,42927.2,43026.2,2025-01-06 14:45:00+00:00,2025-01-06 15:19:00+00:00
UP,2025-01-06 16:12:00+00:00,2025-01-06 17:05:00+00:00,54,118.0,170.6,69.2,17.6,43014.2,43132.2,2025-01-06 16:12:00+00:00,2025-01-06 17:05:00+00:00
DOWN,2025-01-06 17:17:00+00:00,2025-01-06 19:15:00+00:00,119,-274.2,364.2,75.3,12.0,43113.2,42839.0,2025-01-06 17:17:00+00:00,2025-01-06 19:15:00+00:00
DOWN,2025-01-06 19:19:00+00:00,2025-01-06 20:23:00+00:00,65,-106.0,179.6,59.0,20.0,42842.0,42736.0,2025-01-06 19:19:00+00:00,2025-01-06 20:23:00+00:00
UP,2025-01-07 13:28:00+00:00,2025-01-07 14:43:00+00:00,76,72.5,148.1,49.0,3.0,42837.9,42910.4,2025-01-07 13:28:00+00:00,2025-01-07 14:43:00+00:00
DOWN,2025-01-07 19:46:00+00:00,2025-01-07 20:39:00+00:00,54,-176.0,270.6,65.0,21.6,42680.2,42504.2,2025-01-07 19:46:00+00:00,2025-01-07 20:39:00+00:00
UP,2025-01-07 20:50:00+00:00,2025-01-08 11:27:00+00:00,34,115.5,207.4,55.7,34.4,42545.2,42660.7,2025-01-07 20:50:00+00:00,2025-01-08 11:27:00+00:00
DOWN,2025-01-08 14:29:00+00:00,2025-01-08 15:03:00+00:00,35,-127.4,233.9,54.5,21.5,42583.2,42455.8,2025-01-08 14:29:00+00:00,2025-01-08 15:03:00+00:00
DOWN,2025-01-08 17:02:00+00:00,2025-01-08 17:51:00+00:00,50,-149.0,218.0,68.3,32.4,42586.2,42437.2,2025-01-08 17:02:00+00:00,2025-01-08 17:51:00+00:00
UP,2025-01-08 17:56:00+00:00,2025-01-08 18:48:00+00:00,53,121.0,171.6,70.5,10.6,42469.2,42590.2,2025-01-08 17:56:00+00:00,2025-01-08 18:48:00+00:00
DOWN,2025-01-09 13:45:00+00:00,2025-01-09 14:24:00+00:00,40,-71.0,102.5,69.3,7.0,42648.6,42577.6,2025-01-09 13:45:00+00:00,2025-01-09 14:24:00+00:00
UP,2025-01-10 17:28:00+00:00,2025-01-10 19:02:00+00:00,95,209.0,283.0,73.9,33.0,41961.0,42170.0,2025-01-10 17:28:00+00:00,2025-01-10 19:02:00+00:00
DOWN,2025-01-10 20:08:00+00:00,2025-01-10 20:37:00+00:00,30,-88.4,162.0,54.6,12.0,42063.0,41974.6,2025-01-10 20:08:00+00:00,2025-01-10 20:37:00+00:00
DOWN,2025-01-10 20:53:00+00:00,2025-01-13 11:40:00+00:00,44,-134.5,217.5,61.8,15.0,41967.0,41832.5,2025-01-10 20:53:00+00:00,2025-01-13 11:40:00+00:00
DOWN,2025-01-14 15:57:00+00:00,2025-01-14 17:12:00+00:00,76,-233.2,325.4,71.7,18.6,42493.0,42259.8,2025-01-14 15:57:00+00:00,2025-01-14 17:12:00+00:00
UP,2025-01-14 17:41:00+00:00,2025-01-14 19:45:00+00:00,125,286.0,339.0,84.4,15.0,42272.8,42558.8,2025-01-14 17:41:00+00:00,2025-01-14 19:45:00+00:00
DOWN,2025-01-14 19:49:00+00:00,2025-01-14 20:23:00+00:00,35,-126.0,242.0,52.1,20.0,42546.8,42420.8,2025-01-14 19:49:00+00:00,2025-01-14 20:23:00+00:00
UP,2025-01-14 20:44:00+00:00,2025-01-15 12:21:00+00:00,94,301.9,375.9,80.3,19.0,42441.8,42743.7,2025-01-14 20:44:00+00:00,2025-01-15 12:21:00+00:00
UP,2025-01-15 13:20:00+00:00,2025-01-15 14:29:00+00:00,70,435.5,514.0,84.7,7.0,42762.7,43198.2,2025-01-15 13:20:00+00:00,2025-01-15 14:29:00+00:00
UP,2025-01-15 14:40:00+00:00,2025-01-15 15:28:00+00:00,49,77.0,146.6,52.5,21.6,43202.8,43279.8,2025-01-15 14:40:00+00:00,2025-01-15 15:28:00+00:00
DOWN,2025-01-15 20:49:00+00:00,2025-01-16 11:55:00+00:00,63,-126.0,190.1,66.3,7.6,43328.8,43202.8,2025-01-15 20:49:00+00:00,2025-01-16 11:55:00+00:00
UP,2025-01-16 14:00:00+00:00,2025-01-16 14:43:00+00:00,44,86.0,207.6,41.4,12.0,43133.8,43219.8,2025-01-16 14:00:00+00:00,2025-01-16 14:43:00+00:00
DOWN,2025-01-16 18:12:00+00:00,2025-01-16 19:10:00+00:00,59,-86.0,146.0,58.9,8.0,43255.8,43169.8,2025-01-16 18:12:00+00:00,2025-01-16 19:10:00+00:00
UP,2025-01-17 15:27:00+00:00,2025-01-17 16:55:00+00:00,89,118.0,167.0,70.7,22.0,43506.8,43624.8,2025-01-17 15:27:00+00:00,2025-01-17 16:55:00+00:00
DOWN,2025-01-20 15:14:00+00:00,2025-01-20 16:00:00+00:00,47,-101.4,188.6,53.8,13.6,43736.0,43634.6,2025-01-20 15:14:00+00:00,2025-01-20 16:00:00+00:00
UP,2025-01-21 15:25:00+00:00,2025-01-21 17:02:00+00:00,98,163.4,200.4,81.5,9.0,43768.4,43931.8,2025-01-21 15:25:00+00:00,2025-01-21 17:02:00+00:00
UP,2025-01-21 20:02:00+00:00,2025-01-22 11:38:00+00:00,93,139.0,175.4,79.2,5.4,43987.2,44126.2,2025-01-21 20:02:00+00:00,2025-01-22 11:38:00+00:00
UP,2025-01-23 14:30:00+00:00,2025-01-23 15:20:00+00:00,51,71.6,123.0,58.2,28.0,44222.2,44293.8,2025-01-23 14:30:00+00:00,2025-01-23 15:20:00+00:00
UP,2025-01-23 17:23:00+00:00,2025-01-23 18:34:00+00:00,72,94.6,136.6,69.3,14.0,44451.6,44546.2,2025-01-23 17:23:00+00:00,2025-01-23 18:34:00+00:00
UP,2025-01-27 12:28:00+00:00,2025-01-27 13:34:00+00:00,67,96.5,143.5,67.2,7.0,44030.4,44126.9,2025-01-27 12:28:00+00:00,2025-01-27 13:34:00+00:00
UP,2025-01-27 15:17:00+00:00,2025-01-27 15:56:00+00:00,40,97.4,173.0,56.3,7.0,44281.0,44378.4,2025-01-27 15:17:00+00:00,2025-01-27 15:56:00+00:00
UP,2025-01-27 16:55:00+00:00,2025-01-27 17:48:00+00:00,54,160.0,211.6,75.6,8.6,44388.0,44548.0,2025-01-27 16:55:00+00:00,2025-01-27 17:48:00+00:00
UP,2025-01-27 18:40:00+00:00,2025-01-27 19:47:00+00:00,68,154.0,240.0,64.2,23.0,44527.0,44681.0,2025-01-27 18:40:00+00:00,2025-01-27 19:47:00+00:00
UP,2025-01-28 14:09:00+00:00,2025-01-28 14:43:00+00:00,35,78.1,115.1,67.9,17.0,44706.9,44785.0,2025-01-28 14:09:00+00:00,2025-01-28 14:43:00+00:00
DOWN,2025-01-28 16:19:00+00:00,2025-01-28 16:58:00+00:00,40,-122.4,217.0,56.4,10.6,44932.4,44810.0,2025-01-28 16:19:00+00:00,2025-01-28 16:58:00+00:00
UP,2025-01-29 14:11:00+00:00,2025-01-29 14:54:00+00:00,44,75.1,143.6,52.3,4.5,44796.9,44872.0,2025-01-29 14:11:00+00:00,2025-01-29 14:54:00+00:00
DOWN,2025-01-29 17:29:00+00:00,2025-01-29 18:23:00+00:00,55,-81.0,200.6,40.4,15.0,44860.0,44779.0,2025-01-29 17:29:00+00:00,2025-01-29 18:23:00+00:00
DOWN,2025-01-29 18:57:00+00:00,2025-01-29 19:31:00+00:00,35,-128.0,210.0,61.0,10.0,44781.0,44653.0,2025-01-29 18:57:00+00:00,2025-01-29 19:31:00+00:00
UP,2025-01-30 14:27:00+00:00,2025-01-30 15:01:00+00:00,35,141.5,248.6,56.9,29.5,44658.9,44800.4,2025-01-30 14:27:00+00:00,2025-01-30 15:01:00+00:00
UP,2025-01-30 16:28:00+00:00,2025-01-30 17:11:00+00:00,44,82.0,150.6,54.4,27.6,44780.0,44862.0,2025-01-30 16:28:00+00:00,2025-01-30 17:11:00+00:00
UP,2025-01-30 17:50:00+00:00,2025-01-30 19:03:00+00:00,74,146.0,193.4,75.5,8.4,44822.4,44968.4,2025-01-30 17:50:00+00:00,2025-01-30 19:03:00+00:00
DOWN,2025-01-31 18:13:00+00:00,2025-01-31 19:27:00+00:00,75,-259.0,389.4,66.5,12.0,44891.0,44632.0,2025-01-31 18:13:00+00:00,2025-01-31 19:27:00+00:00
DOWN,2025-01-31 20:54:00+00:00,2025-02-03 13:02:00+00:00,125,-654.1,714.6,91.5,23.0,44530.6,43876.5,2025-01-31 20:54:00+00:00,2025-02-03 13:02:00+00:00
UP,2025-02-03 18:44:00+00:00,2025-02-03 19:35:00+00:00,52,86.4,145.0,59.6,20.6,44429.6,44516.0,2025-02-03 18:44:00+00:00,2025-02-03 19:35:00+00:00
DOWN,2025-02-03 20:51:00+00:00,2025-02-04 12:05:00+00:00,71,-179.0,241.1,74.2,25.6,44472.0,44293.0,2025-02-03 20:51:00+00:00,2025-02-04 12:05:00+00:00
UP,2025-02-04 19:01:00+00:00,2025-02-04 19:58:00+00:00,58,89.0,138.4,64.3,19.4,44462.0,44551.0,2025-02-04 19:01:00+00:00,2025-02-04 19:58:00+00:00
UP,2025-02-05 15:17:00+00:00,2025-02-05 16:15:00+00:00,59,101.0,164.0,61.6,34.4,44463.0,44564.0,2025-02-05 15:17:00+00:00,2025-02-05 16:15:00+00:00
UP,2025-02-05 16:26:00+00:00,2025-02-05 17:20:00+00:00,55,72.0,162.0,44.4,34.0,44571.0,44643.0,2025-02-05 16:26:00+00:00,2025-02-05 17:20:00+00:00
UP,2025-02-05 18:28:00+00:00,2025-02-05 19:41:00+00:00,74,100.0,137.0,73.0,12.0,44699.0,44799.0,2025-02-05 18:28:00+00:00,2025-02-05 19:41:00+00:00
DOWN,2025-02-06 19:19:00+00:00,2025-02-06 19:48:00+00:00,30,-74.0,171.6,43.1,9.6,44692.0,44618.0,2025-02-06 19:19:00+00:00,2025-02-06 19:48:00+00:00
UP,2025-02-06 20:37:00+00:00,2025-02-07 12:04:00+00:00,84,102.5,133.0,77.1,11.0,44670.0,44772.5,2025-02-06 20:37:00+00:00,2025-02-07 12:04:00+00:00
DOWN,2025-02-07 15:38:00+00:00,2025-02-07 16:17:00+00:00,40,-134.6,301.0,44.7,18.4,44660.6,44526.0,2025-02-07 15:38:00+00:00,2025-02-07 16:17:00+00:00
DOWN,2025-02-07 18:40:00+00:00,2025-02-07 19:37:00+00:00,58,-113.0,178.0,63.5,29.0,44438.0,44325.0,2025-02-07 18:40:00+00:00,2025-02-07 19:37:00+00:00
UP,2025-02-10 12:03:00+00:00,2025-02-10 14:15:00+00:00,133,87.5,118.0,74.2,10.0,44453.1,44540.6,2025-02-10 12:03:00+00:00,2025-02-10 14:15:00+00:00
UP,2025-02-11 15:19:00+00:00,2025-02-11 16:49:00+00:00,91,155.6,205.6,75.7,12.0,44347.4,44503.0,2025-02-11 15:19:00+00:00,2025-02-11 16:49:00+00:00
UP,2025-02-11 19:20:00+00:00,2025-02-11 20:41:00+00:00,82,111.6,165.2,67.6,14.6,44511.6,44623.2,2025-02-11 19:20:00+00:00,2025-02-11 20:41:00+00:00
UP,2025-02-12 15:16:00+00:00,2025-02-12 16:03:00+00:00,48,97.0,196.6,49.3,24.0,44215.2,44312.2,2025-02-12 15:16:00+00:00,2025-02-12 16:03:00+00:00
DOWN,2025-02-12 16:04:00+00:00,2025-02-12 16:38:00+00:00,35,-84.0,177.4,47.4,17.0,44304.2,44220.2,2025-02-12 16:04:00+00:00,2025-02-12 16:38:00+00:00
UP,2025-02-12 16:39:00+00:00,2025-02-12 17:41:00+00:00,63,179.0,246.6,72.6,10.0,44224.2,44403.2,2025-02-12 16:39:00+00:00,2025-02-12 17:41:00+00:00
DOWN,2025-02-13 20:49:00+00:00,2025-02-14 11:55:00+00:00,63,-183.2,236.6,77.4,12.4,44760.6,44577.4,2025-02-13 20:49:00+00:00,2025-02-14 11:55:00+00:00
DOWN,2025-02-14 19:47:00+00:00,2025-02-14 20:53:00+00:00,67,-71.6,118.0,60.7,3.4,44603.8,44532.2,2025-02-14 19:47:00+00:00,2025-02-14 20:53:00+00:00
DOWN,2025-02-18 13:50:00+00:00,2025-02-18 15:26:00+00:00,97,-187.0,245.9,76.0,1.5,44606.6,44419.6,2025-02-18 13:50:00+00:00,2025-02-18 15:26:00+00:00
UP,2025-02-18 15:27:00+00:00,2025-02-18 16:12:00+00:00,46,72.6,127.6,56.9,16.0,44434.6,44507.2,2025-02-18 15:27:00+00:00,2025-02-18 16:12:00+00:00
DOWN,2025-02-18 18:52:00+00:00,2025-02-18 19:40:00+00:00,49,-74.6,152.0,49.1,7.0,44446.2,44371.6,2025-02-18 18:52:00+00:00,2025-02-18 19:40:00+00:00
UP,2025-02-18 19:41:00+00:00,2025-02-19 11:24:00+00:00,100,99.4,159.4,62.4,15.4,44383.6,44483.0,2025-02-18 19:41:00+00:00,2025-02-19 11:24:00+00:00
UP,2025-02-19 18:25:00+00:00,2025-02-19 20:06:00+00:00,102,166.6,212.6,78.4,8.0,44390.8,44557.4,2025-02-19 18:25:00+00:00,2025-02-19 20:06:00+00:00
DOWN,2025-02-20 14:39:00+00:00,2025-02-20 17:05:00+00:00,147,-472.0,538.0,87.7,21.0,44471.2,43999.2,2025-02-20 14:39:00+00:00,2025-02-20 17:05:00+00:00
UP,2025-02-20 20:44:00+00:00,2025-02-21 11:44:00+00:00,57,92.5,128.4,72.0,12.4,44129.2,44221.7,2025-02-20 20:44:00+00:00,2025-02-21 11:44:00+00:00
DOWN,2025-02-21 14:27:00+00:00,2025-02-21 15:16:00+00:00,50,-155.5,245.9,63.2,33.0,43951.7,43796.2,2025-02-21 14:27:00+00:00,2025-02-21 15:16:00+00:00
DOWN,2025-02-21 17:08:00+00:00,2025-02-21 19:08:00+00:00,121,-324.6,391.6,82.9,20.0,43794.6,43470.0,2025-02-21 17:08:00+00:00,2025-02-21 19:08:00+00:00
DOWN,2025-02-21 19:15:00+00:00,2025-02-21 19:49:00+00:00,35,-83.0,156.0,53.2,22.0,43480.0,43397.0,2025-02-21 19:15:00+00:00,2025-02-21 19:49:00+00:00
DOWN,2025-02-24 12:46:00+00:00,2025-02-24 14:31:00+00:00,106,-99.0,150.9,65.6,10.5,43714.0,43615.0,2025-02-24 12:46:00+00:00,2025-02-24 14:31:00+00:00
UP,2025-02-24 16:03:00+00:00,2025-02-24 16:55:00+00:00,53,114.0,185.4,61.5,24.4,43459.0,43573.0,2025-02-24 16:03:00+00:00,2025-02-24 16:55:00+00:00
UP,2025-02-24 17:00:00+00:00,2025-02-24 17:58:00+00:00,59,73.0,152.0,48.0,31.0,43572.0,43645.0,2025-02-24 17:00:00+00:00,2025-02-24 17:58:00+00:00
DOWN,2025-02-24 20:37:00+00:00,2025-02-25 11:42:00+00:00,62,-172.0,284.1,60.5,9.6,43608.0,43436.0,2025-02-24 20:37:00+00:00,2025-02-25 11:42:00+00:00
UP,2025-02-25 11:43:00+00:00,2025-02-25 13:59:00+00:00,137,125.0,160.5,77.9,15.0,43451.0,43576.0,2025-02-25 11:43:00+00:00,2025-02-25 13:59:00+00:00
DOWN,2025-02-25 14:51:00+00:00,2025-02-25 15:37:00+00:00,47,-225.0,341.0,66.0,19.0,43611.0,43386.0,2025-02-25 14:51:00+00:00,2025-02-25 15:37:00+00:00
UP,2025-02-25 17:24:00+00:00,2025-02-25 18:24:00+00:00,61,183.0,292.0,62.7,13.0,43446.6,43629.6,2025-02-25 17:24:00+00:00,2025-02-25 18:24:00+00:00
DOWN,2025-02-25 18:59:00+00:00,2025-02-25 19:33:00+00:00,35,-76.0,139.0,54.7,21.0,43608.6,43532.6,2025-02-25 18:59:00+00:00,2025-02-25 19:33:00+00:00
UP,2025-02-25 19:37:00+00:00,2025-02-25 20:34:00+00:00,58,127.0,235.0,54.0,30.4,43586.6,43713.6,2025-02-25 19:37:00+00:00,2025-02-25 20:34:00+00:00
UP,2025-02-26 14:48:00+00:00,2025-02-26 15:57:00+00:00,70,161.8,237.2,68.2,30.0,43677.6,43839.4,2025-02-26 14:48:00+00:00,2025-02-26 15:57:00+00:00
UP,2025-02-26 19:18:00+00:00,2025-02-26 19:55:00+00:00,38,72.0,136.0,52.9,11.0,43393.4,43465.4,2025-02-26 19:18:00+00:00,2025-02-26 19:55:00+00:00
UP,2025-02-26 20:52:00+00:00,2025-02-27 11:35:00+00:00,40,76.4,129.9,58.8,22.0,43482.4,43558.8,2025-02-26 20:52:00+00:00,2025-02-27 11:35:00+00:00
UP,2025-02-27 15:07:00+00:00,2025-02-27 15:56:00+00:00,50,210.0,359.0,58.5,27.0,43568.4,43778.4,2025-02-27 15:07:00+00:00,2025-02-27 15:56:00+00:00
DOWN,2025-02-27 16:36:00+00:00,2025-02-27 17:25:00+00:00,50,-155.8,271.8,57.3,24.0,43806.4,43650.6,2025-02-27 16:36:00+00:00,2025-02-27 17:25:00+00:00
DOWN,2025-02-27 18:58:00+00:00,2025-02-27 20:55:00+00:00,118,-453.0,474.6,95.4,12.0,43723.6,43270.6,2025-02-27 18:58:00+00:00,2025-02-27 20:55:00+00:00
UP,2025-02-28 19:22:00+00:00,2025-02-28 20:34:00+00:00,73,229.4,326.6,70.2,22.6,43264.0,43493.4,2025-02-28 19:22:00+00:00,2025-02-28 20:34:00+00:00
UP,2025-02-28 20:36:00+00:00,2025-03-03 12:30:00+00:00,111,486.8,547.2,89.0,27.4,43496.4,43983.2,2025-02-28 20:36:00+00:00,2025-03-03 12:30:00+00:00
DOWN,2025-03-03 17:50:00+00:00,2025-03-03 18:59:00+00:00,70,-308.0,401.0,76.8,7.0,43772.2,43464.2,2025-03-03 17:50:00+00:00,2025-03-03 18:59:00+00:00
DOWN,2025-03-03 19:46:00+00:00,2025-03-03 20:51:00+00:00,66,-439.4,598.4,73.4,25.0,43481.2,43041.8,2025-03-03 19:46:00+00:00,2025-03-03 20:51:00+00:00
DOWN,2025-03-04 11:53:00+00:00,2025-03-04 13:14:00+00:00,82,-132.0,174.0,75.9,17.0,43130.2,42998.2,2025-03-04 11:53:00+00:00,2025-03-04 13:14:00+00:00
UP,2025-03-04 17:08:00+00:00,2025-03-04 17:49:00+00:00,42,101.6,168.0,60.5,24.0,42497.0,42598.6,2025-03-04 17:08:00+00:00,2025-03-04 17:49:00+00:00
UP,2025-03-04 19:35:00+00:00,2025-03-04 20:29:00+00:00,55,125.0,256.4,48.8,27.4,42856.0,42981.0,2025-03-04 19:35:00+00:00,2025-03-04 20:29:00+00:00
DOWN,2025-03-05 11:48:00+00:00,2025-03-05 12:34:00+00:00,47,-104.5,190.0,55.0,9.0,42750.5,42646.0,2025-03-05 11:48:00+00:00,2025-03-05 12:34:00+00:00
DOWN,2025-03-05 13:12:00+00:00,2025-03-05 14:13:00+00:00,62,-117.0,182.0,64.3,29.5,42612.0,42495.0,2025-03-05 13:12:00+00:00,2025-03-05 14:13:00+00:00
UP,2025-03-05 18:46:00+00:00,2025-03-05 19:58:00+00:00,73,316.8,401.2,79.0,20.4,42737.0,43053.8,2025-03-05 18:46:00+00:00,2025-03-05 19:58:00+00:00
DOWN,2025-03-06 14:20:00+00:00,2025-03-06 14:49:00+00:00,30,-121.9,243.9,50.0,21.0,42611.3,42489.4,2025-03-06 14:20:00+00:00,2025-03-06 14:49:00+00:00
UP,2025-03-06 15:02:00+00:00,2025-03-06 15:53:00+00:00,52,328.0,417.4,78.6,26.0,42528.4,42856.4,2025-03-06 15:02:00+00:00,2025-03-06 15:53:00+00:00
UP,2025-03-06 20:48:00+00:00,2025-03-07 11:50:00+00:00,59,81.4,138.0,59.0,26.6,42560.6,42642.0,2025-03-06 20:48:00+00:00,2025-03-07 11:50:00+00:00
DOWN,2025-03-07 12:18:00+00:00,2025-03-07 13:25:00+00:00,68,-76.5,123.5,61.9,22.5,42635.5,42559.0,2025-03-07 12:18:00+00:00,2025-03-07 13:25:00+00:00
DOWN,2025-03-07 13:45:00+00:00,2025-03-07 14:31:00+00:00,47,-154.9,248.0,62.5,16.5,42595.5,42440.6,2025-03-07 13:45:00+00:00,2025-03-07 14:31:00+00:00
DOWN,2025-03-07 16:00:00+00:00,2025-03-07 16:59:00+00:00,60,-226.6,346.0,65.5,34.0,42477.6,42251.0,2025-03-07 16:00:00+00:00,2025-03-07 16:59:00+00:00
DOWN,2025-03-10 11:00:00+00:00,2025-03-10 12:41:00+00:00,102,-99.0,170.0,58.2,19.5,42396.6,42297.6,2025-03-10 11:00:00+00:00,2025-03-10 12:41:00+00:00
DOWN,2025-03-10 15:39:00+00:00,2025-03-10 16:13:00+00:00,35,-95.0,182.4,52.1,35.0,42414.6,42319.6,2025-03-10 15:39:00+00:00,2025-03-10 16:13:00+00:00
DOWN,2025-03-10 16:52:00+00:00,2025-03-10 19:14:00+00:00,143,-535.0,685.0,78.1,26.0,42280.8,41745.8,2025-03-10 16:52:00+00:00,2025-03-10 19:14:00+00:00
DOWN,2025-03-11 12:28:00+00:00,2025-03-11 13:59:00+00:00,92,-355.9,422.9,84.2,23.0,42009.7,41653.8,2025-03-11 12:28:00+00:00,2025-03-11 13:59:00+00:00
DOWN,2025-03-11 15:57:00+00:00,2025-03-11 17:40:00+00:00,104,-303.4,384.4,78.9,27.0,41532.2,41228.8,2025-03-11 15:57:00+00:00,2025-03-11 17:40:00+00:00
UP,2025-03-11 17:59:00+00:00,2025-03-11 19:14:00+00:00,76,391.2,552.2,70.8,23.0,41281.8,41673.0,2025-03-11 17:59:00+00:00,2025-03-11 19:14:00+00:00
UP,2025-03-12 15:24:00+00:00,2025-03-12 16:39:00+00:00,76,256.2,349.8,73.2,32.6,41152.4,41408.6,2025-03-12 15:24:00+00:00,2025-03-12 16:39:00+00:00
DOWN,2025-03-12 19:45:00+00:00,2025-03-13 11:52:00+00:00,69,-161.7,233.7,69.2,17.0,41437.2,41275.5,2025-03-12 19:45:00+00:00,2025-03-13 11:52:00+00:00
DOWN,2025-03-13 19:23:00+00:00,2025-03-13 19:59:00+00:00,37,-70.4,150.0,46.9,15.6,40895.0,40824.6,2025-03-13 19:23:00+00:00,2025-03-13 19:59:00+00:00
UP,2025-03-13 20:00:00+00:00,2025-03-14 12:11:00+00:00,73,199.9,255.4,78.3,21.5,40840.5,41040.4,2025-03-13 20:00:00+00:00,2025-03-14 12:11:00+00:00
UP,2025-03-14 14:28:00+00:00,2025-03-14 16:07:00+00:00,100,297.0,372.0,79.8,18.4,41087.4,41384.4,2025-03-14 14:28:00+00:00,2025-03-14 16:07:00+00:00
UP,2025-03-14 16:35:00+00:00,2025-03-14 17:18:00+00:00,44,94.0,158.6,59.3,24.6,41348.0,41442.0,2025-03-14 16:35:00+00:00,2025-03-14 17:18:00+00:00
DOWN,2025-03-14 20:00:00+00:00,2025-03-17 12:30:00+00:00,92,-156.5,223.6,70.0,22.6,41436.4,41279.9,2025-03-14 20:00:00+00:00,2025-03-17 12:30:00+00:00
UP,2025-03-17 12:31:00+00:00,2025-03-17 14:01:00+00:00,91,310.5,481.1,64.5,34.0,41298.9,41609.4,2025-03-17 12:31:00+00:00,2025-03-17 14:01:00+00:00
UP,2025-03-17 17:05:00+00:00,2025-03-17 19:01:00+00:00,117,247.0,314.0,78.7,20.0,41716.0,41963.0,2025-03-17 17:05:00+00:00,2025-03-17 19:01:00+00:00
DOWN,2025-03-17 19:49:00+00:00,2025-03-18 11:48:00+00:00,61,-172.1,254.1,67.7,24.0,41943.6,41771.5,2025-03-17 19:49:00+00:00,2025-03-18 11:48:00+00:00
DOWN,2025-03-18 14:44:00+00:00,2025-03-18 16:09:00+00:00,86,-155.6,220.4,70.6,24.4,41638.6,41483.0,2025-03-18 14:44:00+00:00,2025-03-18 16:09:00+00:00
UP,2025-03-19 13:05:00+00:00,2025-03-19 14:43:00+00:00,99,202.0,248.5,81.3,8.5,41625.0,41827.0,2025-03-19 13:05:00+00:00,2025-03-19 14:43:00+00:00
UP,2025-03-19 15:29:00+00:00,2025-03-19 16:15:00+00:00,47,79.4,148.0,53.6,12.6,41829.6,41909.0,2025-03-19 15:29:00+00:00,2025-03-19 16:15:00+00:00
DOWN,2025-03-19 16:55:00+00:00,2025-03-19 17:38:00+00:00,44,-103.6,180.0,57.6,12.4,41885.6,41782.0,2025-03-19 16:55:00+00:00,2025-03-19 17:38:00+00:00
DOWN,2025-03-20 17:15:00+00:00,2025-03-20 17:45:00+00:00,31,-74.0,171.0,43.3,14.0,42095.0,42021.0,2025-03-20 17:15:00+00:00,2025-03-20 17:45:00+00:00
DOWN,2025-03-21 12:20:00+00:00,2025-03-21 13:41:00+00:00,82,-235.4,365.9,64.3,27.5,41854.6,41619.2,2025-03-21 12:20:00+00:00,2025-03-21 13:41:00+00:00
UP,2025-03-21 16:03:00+00:00,2025-03-21 17:18:00+00:00,76,237.0,302.4,78.4,11.0,41715.6,41952.6,2025-03-21 16:03:00+00:00,2025-03-21 17:18:00+00:00
UP,2025-03-21 19:43:00+00:00,2025-03-24 12:16:00+00:00,95,505.0,547.4,92.3,12.4,41908.0,42413.0,2025-03-21 19:43:00+00:00,2025-03-24 12:16:00+00:00
DOWN,2025-03-24 16:25:00+00:00,2025-03-24 17:28:00+00:00,64,-74.6,147.0,50.7,35.0,42566.6,42492.0,2025-03-24 16:25:00+00:00,2025-03-24 17:28:00+00:00
UP,2025-03-24 18:37:00+00:00,2025-03-24 19:58:00+00:00,82,186.4,237.0,78.6,13.6,42465.6,42652.0,2025-03-24 18:37:00+00:00,2025-03-24 19:58:00+00:00
UP,2025-03-25 11:25:00+00:00,2025-03-25 12:53:00+00:00,89,88.0,99.5,88.4,1.0,42622.0,42710.0,2025-03-25 11:25:00+00:00,2025-03-25 12:53:00+00:00
UP,2025-03-25 14:20:00+00:00,2025-03-25 15:17:00+00:00,58,70.0,129.0,54.3,30.0,42627.0,42697.0,2025-03-25 14:20:00+00:00,2025-03-25 15:17:00+00:00
DOWN,2025-03-25 15:30:00+00:00,2025-03-25 16:41:00+00:00,72,-112.4,147.2,76.4,7.4,42696.6,42584.2,2025-03-25 15:30:00+00:00,2025-03-25 16:41:00+00:00
UP,2025-03-25 19:40:00+00:00,2025-03-26 12:05:00+00:00,87,97.0,138.5,70.0,21.0,42568.2,42665.2,2025-03-25 19:40:00+00:00,2025-03-26 12:05:00+00:00
UP,2025-03-26 13:30:00+00:00,2025-03-26 13:59:00+00:00,30,71.0,183.1,38.8,31.5,42715.2,42786.2,2025-03-26 13:30:00+00:00,2025-03-26 13:59:00+00:00
DOWN,2025-03-26 15:11:00+00:00,2025-03-26 16:26:00+00:00,76,-207.0,290.0,71.4,16.0,42809.2,42602.2,2025-03-26 15:11:00+00:00,2025-03-26 16:26:00+00:00
DOWN,2025-03-26 16:50:00+00:00,2025-03-26 17:41:00+00:00,52,-111.0,212.6,52.2,20.6,42590.2,42479.2,2025-03-26 16:50:00+00:00,2025-03-26 17:41:00+00:00
DOWN,2025-03-27 13:08:00+00:00,2025-03-27 13:53:00+00:00,46,-163.5,339.5,48.2,18.0,42506.7,42343.2,2025-03-27 13:08:00+00:00,2025-03-27 13:53:00+00:00
DOWN,2025-03-27 15:22:00+00:00,2025-03-27 16:04:00+00:00,43,-88.0,175.4,50.2,28.0,42477.2,42389.2,2025-03-27 15:22:00+00:00,2025-03-27 16:04:00+00:00
UP,2025-03-27 18:02:00+00:00,2025-03-27 18:54:00+00:00,53,108.0,139.6,77.4,9.0,42314.0,42422.0,2025-03-27 18:02:00+00:00,2025-03-27 18:54:00+00:00
DOWN,2025-03-27 19:50:00+00:00,2025-03-28 11:55:00+00:00,67,-117.6,186.0,63.2,34.4,42416.6,42299.0,2025-03-27 19:50:00+00:00,2025-03-28 11:55:00+00:00
DOWN,2025-03-28 12:24:00+00:00,2025-03-28 13:07:00+00:00,44,-110.0,128.5,85.6,7.5,42298.5,42188.5,2025-03-28 12:24:00+00:00,2025-03-28 13:07:00+00:00
DOWN,2025-03-28 13:40:00+00:00,2025-03-28 15:25:00+00:00,106,-420.4,529.0,79.5,35.0,42217.0,41796.6,2025-03-28 13:40:00+00:00,2025-03-28 15:25:00+00:00
DOWN,2025-03-28 16:53:00+00:00,2025-03-28 17:41:00+00:00,49,-102.0,178.4,57.2,33.0,41710.8,41608.8,2025-03-28 16:53:00+00:00,2025-03-28 17:41:00+00:00
DOWN,2025-03-28 19:58:00+00:00,2025-03-31 12:24:00+00:00,88,-311.6,364.5,85.5,17.4,41612.4,41300.8,2025-03-28 19:58:00+00:00,2025-03-31 13:24:00+01:00
UP,2025-04-01 12:50:00+00:00,2025-04-01 13:29:00+00:00,40,76.0,140.0,54.3,33.5,41816.1,41892.1,2025-04-01 13:50:00+01:00,2025-04-01 14:29:00+01:00
UP,2025-04-01 14:36:00+00:00,2025-04-01 16:25:00+00:00,110,447.6,527.6,84.8,23.6,41684.2,42131.8,2025-04-01 15:36:00+01:00,2025-04-01 17:25:00+01:00
DOWN,2025-04-01 17:15:00+00:00,2025-04-01 17:49:00+00:00,35,-78.6,139.6,56.3,9.0,42043.8,41965.2,2025-04-01 18:15:00+01:00,2025-04-01 18:49:00+01:00
DOWN,2025-04-01 17:52:00+00:00,2025-04-01 18:54:00+00:00,63,-185.6,262.4,70.7,31.4,41956.8,41771.2,2025-04-01 18:52:00+01:00,2025-04-01 19:54:00+01:00
DOWN,2025-04-02 11:00:00+00:00,2025-04-02 12:47:00+00:00,108,-96.5,187.0,51.6,28.5,41809.2,41712.7,2025-04-02 12:00:00+01:00,2025-04-02 13:47:00+01:00
UP,2025-04-02 16:39:00+00:00,2025-04-02 17:30:00+00:00,52,156.0,287.0,54.4,29.0,42170.8,42326.8,2025-04-02 17:39:00+01:00,2025-04-02 18:30:00+01:00
DOWN,2025-04-02 17:31:00+00:00,2025-04-02 18:36:00+00:00,66,-190.0,337.4,56.3,23.4,42303.8,42113.8,2025-04-02 18:31:00+01:00,2025-04-02 19:36:00+01:00
UP,2025-04-02 19:26:00+00:00,2025-04-02 20:00:00+00:00,35,117.4,233.6,50.3,28.6,42139.8,42257.2,2025-04-02 20:26:00+01:00,2025-04-02 21:00:00+01:00
DOWN,2025-04-03 12:15:00+00:00,2025-04-03 13:09:00+00:00,55,-92.0,187.0,49.2,25.5,41096.7,41004.7,2025-04-03 13:15:00+01:00,2025-04-03 14:09:00+01:00
UP,2025-04-03 15:53:00+00:00,2025-04-03 16:49:00+00:00,57,236.8,358.8,66.0,28.0,40843.2,41080.0,2025-04-03 16:53:00+01:00,2025-04-03 17:49:00+01:00
DOWN,2025-04-03 17:50:00+00:00,2025-04-03 18:39:00+00:00,50,-123.6,225.4,54.8,26.4,40958.0,40834.4,2025-04-03 18:50:00+01:00,2025-04-03 19:39:00+01:00
DOWN,2025-04-03 19:08:00+00:00,2025-04-04 11:55:00+00:00,109,-1557.2,1912.1,81.4,25.4,40846.0,39288.8,2025-04-03 20:08:00+01:00,2025-04-04 12:55:00+01:00
UP,2025-04-08 13:01:00+00:00,2025-04-08 13:32:00+00:00,32,175.5,409.5,42.9,28.0,39061.5,39237.0,2025-04-08 14:01:00+01:00,2025-04-08 14:32:00+01:00
DOWN,2025-04-10 15:10:00+00:00,2025-04-10 16:33:00+00:00,84,-809.0,1260.4,64.2,21.0,39698.0,38889.0,2025-04-10 16:10:00+01:00,2025-04-10 17:33:00+01:00
DOWN,2025-04-11 12:51:00+00:00,2025-04-11 13:38:00+00:00,48,-253.9,500.4,50.7,31.5,39757.5,39503.6,2025-04-11 13:51:00+01:00,2025-04-11 14:38:00+01:00
UP,2025-04-14 12:13:00+00:00,2025-04-14 13:29:00+00:00,77,197.5,253.5,77.9,31.5,40569.1,40766.6,2025-04-14 13:13:00+01:00,2025-04-14 14:29:00+01:00
DOWN,2025-04-14 15:02:00+00:00,2025-04-14 16:18:00+00:00,77,-341.6,529.6,64.5,22.0,40679.2,40337.6,2025-04-14 16:02:00+01:00,2025-04-14 17:18:00+01:00
DOWN,2025-04-14 19:47:00+00:00,2025-04-15 11:27:00+00:00,42,-104.1,211.6,49.2,33.0,40706.6,40602.5,2025-04-14 20:47:00+01:00,2025-04-15 12:27:00+01:00
DOWN,2025-04-15 11:33:00+00:00,2025-04-15 12:38:00+00:00,66,-174.0,260.5,66.8,19.5,40599.0,40425.0,2025-04-15 12:33:00+01:00,2025-04-15 13:38:00+01:00
UP,2025-04-15 12:51:00+00:00,2025-04-15 14:16:00+00:00,86,294.5,397.1,74.2,11.0,40444.5,40739.0,2025-04-15 13:51:00+01:00,2025-04-15 15:16:00+01:00
DOWN,2025-04-15 16:50:00+00:00,2025-04-15 17:39:00+00:00,50,-102.0,201.6,50.6,20.0,40630.6,40528.6,2025-04-15 17:50:00+01:00,2025-04-15 18:39:00+01:00
DOWN,2025-04-15 17:50:00+00:00,2025-04-15 18:30:00+00:00,41,-83.4,149.6,55.7,20.6,40524.0,40440.6,2025-04-15 18:50:00+01:00,2025-04-15 19:30:00+01:00
DOWN,2025-04-15 19:54:00+00:00,2025-04-16 11:41:00+00:00,49,-81.5,187.0,43.6,31.0,40451.0,40369.5,2025-04-15 20:54:00+01:00,2025-04-16 12:41:00+01:00
DOWN,2025-04-16 12:37:00+00:00,2025-04-16 13:30:00+00:00,54,-132.4,150.5,88.0,5.0,40359.0,40226.6,2025-04-16 13:37:00+01:00,2025-04-16 14:30:00+01:00
UP,2025-04-16 14:22:00+00:00,2025-04-16 15:41:00+00:00,80,170.4,313.0,54.4,30.0,40163.6,40334.0,2025-04-16 15:22:00+01:00,2025-04-16 16:41:00+01:00
DOWN,2025-04-16 15:44:00+00:00,2025-04-16 16:33:00+00:00,50,-124.8,180.0,69.3,13.4,40319.6,40194.8,2025-04-16 16:44:00+01:00,2025-04-16 17:33:00+01:00
UP,2025-04-17 17:45:00+00:00,2025-04-17 18:28:00+00:00,44,97.0,188.4,51.5,29.0,39321.6,39418.6,2025-04-17 18:45:00+01:00,2025-04-17 19:28:00+01:00
DOWN,2025-04-17 18:46:00+00:00,2025-04-17 19:30:00+00:00,45,-137.4,279.0,49.2,35.0,39413.0,39275.6,2025-04-17 19:46:00+01:00,2025-04-17 20:30:00+01:00
DOWN,2025-04-17 19:43:00+00:00,2025-04-21 12:11:00+00:00,90,-524.8,622.8,84.3,29.0,39272.6,38747.8,2025-04-17 20:43:00+01:00,2025-04-21 13:11:00+01:00
DOWN,2025-04-21 16:48:00+00:00,2025-04-21 18:16:00+00:00,89,-215.6,310.6,69.4,20.0,38120.4,37904.8,2025-04-21 17:48:00+01:00,2025-04-21 19:16:00+01:00
UP,2025-04-21 19:01:00+00:00,2025-04-22 11:56:00+00:00,117,501.9,603.9,83.1,24.0,37926.4,38428.3,2025-04-21 20:01:00+01:00,2025-04-22 12:56:00+01:00
UP,2025-04-22 11:58:00+00:00,2025-04-22 13:29:00+00:00,92,174.0,216.0,80.6,23.0,38435.3,38609.3,2025-04-22 12:58:00+01:00,2025-04-22 14:29:00+01:00
UP,2025-04-24 12:34:00+00:00,2025-04-24 13:29:00+00:00,56,97.5,141.0,69.1,24.5,39459.0,39556.5,2025-04-24 13:34:00+01:00,2025-04-24 14:29:00+01:00
UP,2025-04-24 13:40:00+00:00,2025-04-24 15:24:00+00:00,105,367.6,466.0,78.9,33.4,39507.0,39874.6,2025-04-24 14:40:00+01:00,2025-04-24 16:24:00+01:00
UP,2025-04-24 16:11:00+00:00,2025-04-24 17:08:00+00:00,58,150.2,239.6,62.7,16.4,39885.0,40035.2,2025-04-24 17:11:00+01:00,2025-04-24 18:08:00+01:00
UP,2025-04-25 15:50:00+00:00,2025-04-25 16:46:00+00:00,57,105.4,171.4,61.5,28.0,39898.6,40004.0,2025-04-25 16:50:00+01:00,2025-04-25 17:46:00+01:00
UP,2025-04-25 16:49:00+00:00,2025-04-25 17:37:00+00:00,49,129.6,173.0,74.9,21.0,39998.0,40127.6,2025-04-25 17:49:00+01:00,2025-04-25 18:37:00+01:00
UP,2025-04-25 18:08:00+00:00,2025-04-25 18:50:00+00:00,43,92.0,133.0,69.2,13.4,40017.0,40109.0,2025-04-25 19:08:00+01:00,2025-04-25 19:50:00+01:00
UP,2025-04-28 12:22:00+00:00,2025-04-28 13:28:00+00:00,67,139.0,185.0,75.1,16.0,40087.0,40226.0,2025-04-28 13:22:00+01:00,2025-04-28 14:28:00+01:00
DOWN,2025-04-28 14:52:00+00:00,2025-04-28 16:42:00+00:00,111,-275.4,356.4,77.3,27.0,40278.0,40002.6,2025-04-28 15:52:00+01:00,2025-04-28 17:42:00+01:00
UP,2025-04-28 17:38:00+00:00,2025-04-28 19:59:00+00:00,142,288.0,394.0,73.1,15.4,39956.0,40244.0,2025-04-28 18:38:00+01:00,2025-04-28 20:59:00+01:00
UP,2025-04-29 14:35:00+00:00,2025-04-29 15:17:00+00:00,43,99.0,218.0,45.4,35.0,40357.0,40456.0,2025-04-29 15:35:00+01:00,2025-04-29 16:17:00+01:00
DOWN,2025-04-29 16:44:00+00:00,2025-04-29 17:16:00+00:00,33,-85.4,162.6,52.5,14.6,40494.0,40408.6,2025-04-29 17:44:00+01:00,2025-04-29 18:16:00+01:00
UP,2025-04-29 17:17:00+00:00,2025-04-29 18:19:00+00:00,63,149.6,247.0,60.6,33.0,40441.0,40590.6,2025-04-29 18:17:00+01:00,2025-04-29 19:19:00+01:00
DOWN,2025-04-30 12:05:00+00:00,2025-04-30 13:24:00+00:00,80,-349.0,457.5,76.3,13.5,40572.5,40223.5,2025-04-30 13:05:00+01:00,2025-04-30 14:24:00+01:00
UP,2025-04-30 17:25:00+00:00,2025-04-30 17:59:00+00:00,35,90.0,149.0,60.4,24.4,40305.0,40395.0,2025-04-30 18:25:00+01:00,2025-04-30 18:59:00+01:00
UP,2025-05-23 17:02:00+00:00,2025-05-23 17:39:00+00:00,38,90.0,157.6,57.1,25.6,41603.6,41693.6,2025-05-23 18:02:00+01:00,2025-05-23 18:39:00+01:00
UP,2025-05-23 17:44:00+00:00,2025-05-23 18:18:00+00:00,35,70.6,121.4,58.2,21.4,41683.0,41753.6,2025-05-23 18:44:00+01:00,2025-05-23 19:18:00+01:00
UP,2025-05-26 15:17:00+00:00,2025-05-26 16:20:00+00:00,64,87.0,109.0,79.8,5.4,41972.0,42059.0,2025-05-26 16:17:00+01:00,2025-05-26 17:20:00+01:00
UP,2025-05-27 14:16:00+00:00,2025-05-27 15:21:00+00:00,66,113.0,158.0,71.5,20.6,41995.6,42108.6,2025-05-27 15:16:00+01:00,2025-05-27 16:21:00+01:00
UP,2025-05-27 15:23:00+00:00,2025-05-27 17:07:00+00:00,105,171.0,233.4,73.3,14.4,42102.0,42273.0,2025-05-27 16:23:00+01:00,2025-05-27 18:07:00+01:00
DOWN,2025-05-28 14:01:00+00:00,2025-05-28 15:03:00+00:00,63,-74.0,148.6,49.8,29.6,42343.0,42269.0,2025-05-28 15:01:00+01:00,2025-05-28 16:03:00+01:00
DOWN,2025-05-28 19:14:00+00:00,2025-05-28 20:00:00+00:00,47,-129.1,178.6,72.3,21.0,42203.4,42074.3,2025-05-28 20:14:00+01:00,2025-05-28 21:00:00+01:00
UP,2025-05-29 16:14:00+00:00,2025-05-29 17:47:00+00:00,94,131.2,201.0,65.3,31.4,41993.8,42125.0,2025-05-29 17:14:00+01:00,2025-05-29 18:47:00+01:00
UP,2025-06-02 17:52:00+00:00,2025-06-03 13:50:00+00:00,150,232.4,295.6,78.6,7.6,42079.2,42311.6,2025-06-02 18:52:00+01:00,2025-06-03 14:50:00+01:00
UP,2025-06-03 14:19:00+00:00,2025-06-03 16:41:00+00:00,143,209.4,256.4,81.7,11.0,42273.2,42482.6,2025-06-03 15:19:00+01:00,2025-06-03 17:41:00+01:00
DOWN,2025-06-05 16:34:00+00:00,2025-06-05 17:10:00+00:00,37,-89.4,205.6,43.5,14.6,42541.4,42452.0,2025-06-05 17:34:00+01:00,2025-06-05 18:10:00+01:00
DOWN,2025-06-06 15:11:00+00:00,2025-06-06 15:47:00+00:00,37,-91.6,213.6,42.9,27.0,42764.8,42673.2,2025-06-06 16:11:00+01:00,2025-06-06 16:47:00+01:00
DOWN,2025-06-06 16:34:00+00:00,2025-06-06 17:17:00+00:00,44,-97.4,138.4,70.4,10.0,42694.2,42596.8,2025-06-06 17:34:00+01:00,2025-06-06 18:17:00+01:00
UP,2025-06-06 17:18:00+00:00,2025-06-06 18:44:00+00:00,87,124.0,201.4,61.6,33.4,42628.2,42752.2,2025-06-06 18:18:00+01:00,2025-06-06 19:44:00+01:00
DOWN,2025-06-06 19:59:00+00:00,2025-06-09 14:20:00+00:00,53,-113.4,185.0,61.3,35.0,42747.2,42633.8,2025-06-06 20:59:00+01:00,2025-06-09 15:20:00+01:00
UP,2025-06-09 15:30:00+00:00,2025-06-09 18:33:00+00:00,184,233.6,263.6,88.6,9.0,42641.2,42874.8,2025-06-09 16:30:00+01:00,2025-06-09 19:33:00+01:00
DOWN,2025-06-09 19:53:00+00:00,2025-06-10 14:04:00+00:00,43,-75.4,130.8,57.6,21.0,42821.8,42746.4,2025-06-09 20:53:00+01:00,2025-06-10 15:04:00+01:00
UP,2025-06-10 15:52:00+00:00,2025-06-10 17:25:00+00:00,94,118.6,162.0,73.2,9.4,42772.4,42891.0,2025-06-10 16:52:00+01:00,2025-06-10 18:25:00+01:00
DOWN,2025-06-10 17:38:00+00:00,2025-06-10 18:34:00+00:00,57,-104.6,144.0,72.6,3.0,42872.0,42767.4,2025-06-10 18:38:00+01:00,2025-06-10 19:34:00+01:00
UP,2025-06-11 13:47:00+00:00,2025-06-11 15:07:00+00:00,81,182.4,233.0,78.3,23.0,42842.4,43024.8,2025-06-11 14:47:00+01:00,2025-06-11 16:07:00+01:00
UP,2025-06-11 16:43:00+00:00,2025-06-11 17:35:00+00:00,53,86.8,162.8,53.3,28.0,42983.8,43070.6,2025-06-11 17:43:00+01:00,2025-06-11 18:35:00+01:00
UP,2025-06-13 14:52:00+00:00,2025-06-13 16:25:00+00:00,94,217.8,299.8,72.6,30.0,42325.8,42543.6,2025-06-13 15:52:00+01:00,2025-06-13 17:25:00+01:00
DOWN,2025-06-13 16:58:00+00:00,2025-06-13 17:59:00+00:00,62,-142.0,210.4,67.5,33.4,42484.6,42342.6,2025-06-13 17:58:00+01:00,2025-06-13 18:59:00+01:00
DOWN,2025-06-13 18:02:00+00:00,2025-06-13 18:58:00+00:00,57,-233.6,312.0,74.9,9.0,42364.6,42131.0,2025-06-13 19:02:00+01:00,2025-06-13 19:58:00+01:00
UP,2025-06-13 19:56:00+00:00,2025-06-16 14:57:00+00:00,93,507.0,578.0,87.7,19.0,42139.0,42646.0,2025-06-13 20:56:00+01:00,2025-06-16 15:57:00+01:00
DOWN,2025-06-17 16:41:00+00:00,2025-06-17 18:55:00+00:00,135,-281.0,346.0,81.2,11.6,42449.0,42168.0,2025-06-17 17:41:00+01:00,2025-06-17 19:55:00+01:00
UP,2025-06-18 13:43:00+00:00,2025-06-18 15:05:00+00:00,83,253.4,301.0,84.2,16.6,42226.0,42479.4,2025-06-18 14:43:00+01:00,2025-06-18 16:05:00+01:00
DOWN,2025-06-18 18:48:00+00:00,2025-06-18 19:20:00+00:00,33,-118.0,241.4,48.9,23.4,42389.6,42271.6,2025-06-18 19:48:00+01:00,2025-06-18 20:20:00+01:00
DOWN,2025-06-19 13:30:00+00:00,2025-06-19 14:49:00+00:00,80,-88.4,178.6,49.5,17.6,41948.0,41859.6,2025-06-19 14:30:00+01:00,2025-06-19 15:49:00+01:00
UP,2025-06-20 15:10:00+00:00,2025-06-20 15:50:00+00:00,41,75.8,142.0,53.4,25.0,42262.6,42338.4,2025-06-20 16:10:00+01:00,2025-06-20 16:50:00+01:00
DOWN,2025-06-20 17:16:00+00:00,2025-06-20 18:03:00+00:00,48,-118.4,194.0,61.0,21.6,42289.8,42171.4,2025-06-20 18:16:00+01:00,2025-06-20 19:03:00+01:00
UP,2025-06-23 13:35:00+00:00,2025-06-23 14:34:00+00:00,60,175.0,272.0,64.3,33.0,42218.4,42393.4,2025-06-23 14:35:00+01:00,2025-06-23 15:34:00+01:00
UP,2025-06-23 17:07:00+00:00,2025-06-23 18:32:00+00:00,86,350.4,412.6,84.9,30.6,42192.6,42543.0,2025-06-23 18:07:00+01:00,2025-06-23 19:32:00+01:00
UP,2025-06-23 19:47:00+00:00,2025-06-24 14:07:00+00:00,52,320.4,485.0,66.1,13.0,42560.0,42880.4,2025-06-23 20:47:00+01:00,2025-06-24 15:07:00+01:00
UP,2025-06-24 14:09:00+00:00,2025-06-24 16:05:00+00:00,117,188.2,240.6,78.2,33.0,42880.4,43068.6,2025-06-24 15:09:00+01:00,2025-06-24 17:05:00+01:00
UP,2025-06-24 16:09:00+00:00,2025-06-24 16:55:00+00:00,47,77.0,116.0,66.4,7.0,43057.0,43134.0,2025-06-24 17:09:00+01:00,2025-06-24 17:55:00+01:00
UP,2025-06-24 18:51:00+00:00,2025-06-24 19:49:00+00:00,59,71.6,100.6,71.2,7.0,43145.0,43216.6,2025-06-24 19:51:00+01:00,2025-06-24 20:49:00+01:00
DOWN,2025-06-24 19:50:00+00:00,2025-06-25 14:07:00+00:00,49,-91.0,174.4,52.2,25.0,43196.0,43105.0,2025-06-24 20:50:00+01:00,2025-06-25 15:07:00+01:00
UP,2025-06-26 14:13:00+00:00,2025-06-26 15:28:00+00:00,76,129.6,184.6,70.2,16.0,43188.0,43317.6,2025-06-26 15:13:00+01:00,2025-06-26 16:28:00+01:00
UP,2025-06-26 19:47:00+00:00,2025-06-27 16:47:00+00:00,212,571.0,622.6,91.7,16.0,43412.4,43983.4,2025-06-26 20:47:00+01:00,2025-06-27 17:47:00+01:00
DOWN,2025-06-27 16:48:00+00:00,2025-06-27 19:10:00+00:00,143,-303.6,381.0,79.7,11.4,43973.0,43669.4,2025-06-27 17:48:00+01:00,2025-06-27 20:10:00+01:00
UP,2025-06-27 19:20:00+00:00,2025-06-30 14:19:00+00:00,91,327.4,428.0,76.5,8.6,43679.0,44006.4,2025-06-27 20:20:00+01:00,2025-06-30 15:19:00+01:00
UP,2025-06-30 15:14:00+00:00,2025-06-30 15:56:00+00:00,43,73.0,136.0,53.7,14.0,43979.0,44052.0,2025-06-30 16:14:00+01:00,2025-06-30 16:56:00+01:00
UP,2025-06-30 18:45:00+00:00,2025-07-01 16:33:00+00:00,260,582.6,676.6,86.1,21.0,44006.0,44588.6,2025-06-30 19:45:00+01:00,2025-07-01 17:33:00+01:00
DOWN,2025-07-01 19:50:00+00:00,2025-07-02 14:24:00+00:00,66,-164.0,241.6,67.9,32.0,44598.2,44434.2,2025-07-01 20:50:00+01:00,2025-07-02 15:24:00+01:00
UP,2025-07-02 15:14:00+00:00,2025-07-02 15:54:00+00:00,41,73.0,124.4,58.7,8.4,44478.6,44551.6,2025-07-02 16:14:00+01:00,2025-07-02 16:54:00+01:00
UP,2025-07-02 19:58:00+00:00,2025-07-03 15:17:00+00:00,111,336.4,389.2,86.4,13.4,44534.0,44870.4,2025-07-02 20:58:00+01:00,2025-07-03 16:17:00+01:00
DOWN,2025-07-03 17:07:00+00:00,2025-07-04 14:29:00+00:00,68,-225.6,289.0,78.1,13.4,44855.6,44630.0,2025-07-03 18:07:00+01:00,2025-07-04 15:29:00+01:00
DOWN,2025-07-07 14:02:00+00:00,2025-07-07 15:59:00+00:00,118,-204.0,287.0,71.1,31.0,44710.4,44506.4,2025-07-07 15:02:00+01:00,2025-07-07 16:59:00+01:00
DOWN,2025-07-07 16:10:00+00:00,2025-07-07 17:09:00+00:00,60,-151.4,223.4,67.8,9.0,44516.4,44365.0,2025-07-07 17:10:00+01:00,2025-07-07 18:09:00+01:00
DOWN,2025-07-09 14:23:00+00:00,2025-07-09 15:26:00+00:00,64,-149.4,226.4,66.0,11.0,44474.6,44325.2,2025-07-09 15:23:00+01:00,2025-07-09 16:26:00+01:00
UP,2025-07-10 13:45:00+00:00,2025-07-10 15:46:00+00:00,122,275.0,323.0,85.1,19.6,44471.0,44746.0,2025-07-10 14:45:00+01:00,2025-07-10 16:46:00+01:00
DOWN,2025-07-10 19:45:00+00:00,2025-07-11 14:20:00+00:00,67,-323.6,478.0,67.7,12.4,44747.6,44424.0,2025-07-10 20:45:00+01:00,2025-07-11 15:20:00+01:00
UP,2025-07-16 16:48:00+00:00,2025-07-16 17:28:00+00:00,41,101.4,174.4,58.1,23.0,44070.6,44172.0,2025-07-16 17:48:00+01:00,2025-07-16 18:28:00+01:00
DOWN,2025-07-17 14:18:00+00:00,2025-07-17 14:52:00+00:00,35,-74.6,170.0,43.9,17.4,44420.6,44346.0,2025-07-17 15:18:00+01:00,2025-07-17 15:52:00+01:00
UP,2025-07-17 15:17:00+00:00,2025-07-17 16:16:00+00:00,60,97.0,160.6,60.4,19.0,44358.0,44455.0,2025-07-17 16:17:00+01:00,2025-07-17 17:16:00+01:00
UP,2025-07-17 17:21:00+00:00,2025-07-17 19:16:00+00:00,116,160.0,182.6,87.6,6.0,44408.0,44568.0,2025-07-17 18:21:00+01:00,2025-07-17 20:16:00+01:00
UP,2025-07-18 19:47:00+00:00,2025-07-21 14:16:00+00:00,61,134.6,229.2,58.7,14.0,44316.0,44450.6,2025-07-18 20:47:00+01:00,2025-07-21 15:16:00+01:00
UP,2025-07-21 14:19:00+00:00,2025-07-21 16:07:00+00:00,109,119.4,176.0,67.8,27.0,44465.6,44585.0,2025-07-21 15:19:00+01:00,2025-07-21 17:07:00+01:00
DOWN,2025-07-21 18:20:00+00:00,2025-07-22 13:36:00+00:00,108,-198.0,290.0,68.3,8.0,44583.4,44385.4,2025-07-21 19:20:00+01:00,2025-07-22 14:36:00+01:00
UP,2025-07-23 15:45:00+00:00,2025-07-23 16:31:00+00:00,47,132.4,228.6,57.9,18.6,44753.0,44885.4,2025-07-23 16:45:00+01:00,2025-07-23 17:31:00+01:00
UP,2025-07-25 16:10:00+00:00,2025-07-25 18:26:00+00:00,137,142.0,175.0,81.1,8.0,44775.4,44917.4,2025-07-25 17:10:00+01:00,2025-07-25 19:26:00+01:00
DOWN,2025-07-28 17:06:00+00:00,2025-07-28 18:31:00+00:00,86,-100.0,152.4,65.6,11.0,44904.0,44804.0,2025-07-28 18:06:00+01:00,2025-07-28 19:31:00+01:00
DOWN,2025-07-29 14:30:00+00:00,2025-07-29 15:49:00+00:00,80,-149.4,226.0,66.1,20.6,44820.0,44670.6,2025-07-29 15:30:00+01:00,2025-07-29 16:49:00+01:00
DOWN,2025-07-29 17:34:00+00:00,2025-07-29 18:16:00+00:00,43,-78.4,135.0,58.1,14.6,44724.6,44646.2,2025-07-29 18:34:00+01:00,2025-07-29 19:16:00+01:00
DOWN,2025-07-30 14:46:00+00:00,2025-07-30 15:42:00+00:00,57,-84.2,147.0,57.3,14.0,44705.6,44621.4,2025-07-30 15:46:00+01:00,2025-07-30 16:42:00+01:00
UP,2025-07-30 19:49:00+00:00,2025-07-31 14:10:00+00:00,53,173.0,273.4,63.3,18.4,44390.4,44563.4,2025-07-30 20:49:00+01:00,2025-07-31 15:10:00+01:00
DOWN,2025-07-31 14:49:00+00:00,2025-07-31 15:31:00+00:00,43,-138.0,253.0,54.5,17.0,44549.4,44411.4,2025-07-31 15:49:00+01:00,2025-07-31 16:31:00+01:00
DOWN,2025-07-31 17:02:00+00:00,2025-07-31 17:45:00+00:00,44,-92.0,248.0,37.1,32.0,44495.6,44403.6,2025-07-31 18:02:00+01:00,2025-07-31 18:45:00+01:00
DOWN,2025-07-31 17:47:00+00:00,2025-07-31 18:24:00+00:00,38,-105.6,243.0,43.5,21.4,44402.6,44297.0,2025-07-31 18:47:00+01:00,2025-07-31 19:24:00+01:00
UP,2025-07-31 18:25:00+00:00,2025-07-31 18:56:00+00:00,32,89.4,129.0,69.3,12.0,44305.6,44395.0,2025-07-31 19:25:00+01:00,2025-07-31 19:56:00+01:00
DOWN,2025-07-31 19:11:00+00:00,2025-08-01 14:19:00+00:00,100,-821.6,1037.4,79.2,18.4,44353.6,43532.0,2025-07-31 20:11:00+01:00,2025-08-01 15:19:00+01:00
UP,2025-08-01 15:38:00+00:00,2025-08-01 16:30:00+00:00,53,133.4,222.4,60.0,24.0,43549.6,43683.0,2025-08-01 16:38:00+01:00,2025-08-01 17:30:00+01:00
DOWN,2025-08-01 16:37:00+00:00,2025-08-01 17:48:00+00:00,72,-166.0,228.0,72.8,28.0,43670.0,43504.0,2025-08-01 17:37:00+01:00,2025-08-01 18:48:00+01:00
UP,2025-08-04 16:33:00+00:00,2025-08-04 17:34:00+00:00,62,74.6,113.0,66.0,9.4,44091.6,44166.2,2025-08-04 17:33:00+01:00,2025-08-04 18:34:00+01:00
DOWN,2025-08-05 13:50:00+00:00,2025-08-05 15:01:00+00:00,72,-197.4,306.6,64.4,25.6,44216.6,44019.2,2025-08-05 14:50:00+01:00,2025-08-05 16:01:00+01:00
UP,2025-08-05 16:50:00+00:00,2025-08-05 17:50:00+00:00,61,97.4,137.0,71.1,12.6,44143.6,44241.0,2025-08-05 17:50:00+01:00,2025-08-05 18:50:00+01:00
DOWN,2025-08-05 17:51:00+00:00,2025-08-05 18:59:00+00:00,69,-86.0,142.4,60.4,16.0,44228.0,44142.0,2025-08-05 18:51:00+01:00,2025-08-05 19:59:00+01:00
UP,2025-08-06 14:35:00+00:00,2025-08-06 15:09:00+00:00,35,97.0,181.0,53.6,34.6,44107.6,44204.6,2025-08-06 15:35:00+01:00,2025-08-06 16:09:00+01:00
UP,2025-08-07 19:54:00+00:00,2025-08-08 14:40:00+00:00,78,271.6,364.6,74.5,13.0,43933.8,44205.4,2025-08-07 20:54:00+01:00,2025-08-08 15:40:00+01:00
DOWN,2025-08-08 14:41:00+00:00,2025-08-08 15:51:00+00:00,71,-107.6,180.6,59.6,22.6,44185.4,44077.8,2025-08-08 15:41:00+01:00,2025-08-08 16:51:00+01:00
UP,2025-08-08 15:52:00+00:00,2025-08-08 16:32:00+00:00,41,112.0,172.0,65.1,14.0,44080.8,44192.8,2025-08-08 16:52:00+01:00,2025-08-08 17:32:00+01:00
DOWN,2025-08-11 14:12:00+00:00,2025-08-11 15:19:00+00:00,68,-103.0,183.6,56.1,31.6,44147.2,44044.2,2025-08-11 15:12:00+01:00,2025-08-11 16:19:00+01:00
UP,2025-08-11 15:47:00+00:00,2025-08-11 16:35:00+00:00,49,90.0,170.0,52.9,16.4,44034.2,44124.2,2025-08-11 16:47:00+01:00,2025-08-11 17:35:00+01:00
DOWN,2025-08-11 16:36:00+00:00,2025-08-11 17:29:00+00:00,54,-77.2,148.2,52.1,21.0,44103.2,44026.0,2025-08-11 17:36:00+01:00,2025-08-11 18:29:00+01:00
UP,2025-08-11 19:59:00+00:00,2025-08-12 15:22:00+00:00,115,431.6,526.0,82.1,32.0,44005.4,44437.0,2025-08-11 20:59:00+01:00,2025-08-12 16:22:00+01:00
UP,2025-08-12 19:57:00+00:00,2025-08-13 14:23:00+00:00,58,372.0,455.0,81.8,13.0,44465.0,44837.0,2025-08-12 20:57:00+01:00,2025-08-13 15:23:00+01:00
UP,2025-08-13 17:49:00+00:00,2025-08-13 20:00:00+00:00,132,203.5,221.4,91.9,12.4,44773.0,44976.5,2025-08-13 18:49:00+01:00,2025-08-13 21:00:00+01:00
UP,2025-08-14 16:47:00+00:00,2025-08-14 18:13:00+00:00,87,86.0,124.0,69.4,9.6,44743.6,44829.6,2025-08-14 17:47:00+01:00,2025-08-14 19:13:00+01:00
UP,2025-08-14 18:19:00+00:00,2025-08-14 19:58:00+00:00,100,112.4,142.4,78.9,12.0,44836.6,44949.0,2025-08-14 19:19:00+01:00,2025-08-14 20:58:00+01:00
DOWN,2025-08-19 14:45:00+00:00,2025-08-19 16:22:00+00:00,98,-196.8,255.8,76.9,14.6,45135.6,44938.8,2025-08-19 15:45:00+01:00,2025-08-19 17:22:00+01:00
DOWN,2025-08-20 13:51:00+00:00,2025-08-20 14:59:00+00:00,69,-122.4,207.0,59.1,29.6,44937.8,44815.4,2025-08-20 14:51:00+01:00,2025-08-20 15:59:00+01:00
UP,2025-08-20 15:03:00+00:00,2025-08-20 15:45:00+00:00,43,107.4,160.0,67.1,16.0,44834.8,44942.2,2025-08-20 16:03:00+01:00,2025-08-20 16:45:00+01:00
DOWN,2025-08-20 18:00:00+00:00,2025-08-20 18:32:00+00:00,33,-81.0,142.0,57.0,18.4,44927.2,44846.2,2025-08-20 19:00:00+01:00,2025-08-20 19:32:00+01:00
UP,2025-08-20 18:36:00+00:00,2025-08-20 19:51:00+00:00,76,104.0,165.6,62.8,27.6,44891.2,44995.2,2025-08-20 19:36:00+01:00,2025-08-20 20:51:00+01:00
DOWN,2025-08-20 19:55:00+00:00,2025-08-21 14:00:00+00:00,37,-231.2,433.6,53.3,35.0,44972.2,44741.0,2025-08-20 20:55:00+01:00,2025-08-21 15:00:00+01:00
DOWN,2025-08-21 15:50:00+00:00,2025-08-21 16:29:00+00:00,40,-101.0,162.0,62.3,22.6,44851.0,44750.0,2025-08-21 16:50:00+01:00,2025-08-21 17:29:00+01:00
DOWN,2025-08-27 19:58:00+00:00,2025-08-28 14:41:00+00:00,75,-119.0,174.4,68.2,19.4,45602.8,45483.8,2025-08-27 20:58:00+01:00,2025-08-28 15:41:00+01:00
UP,2025-08-28 15:33:00+00:00,2025-08-28 16:54:00+00:00,82,140.6,160.6,87.5,10.4,45478.2,45618.8,2025-08-28 16:33:00+01:00,2025-08-28 17:54:00+01:00
DOWN,2025-08-28 20:00:00+00:00,2025-08-29 14:32:00+00:00,64,-192.0,279.5,68.7,22.5,45628.8,45436.8,2025-08-28 21:00:00+01:00,2025-08-29 15:32:00+01:00
DOWN,2025-09-02 14:41:00+00:00,2025-09-02 16:14:00+00:00,94,-195.6,269.0,72.7,30.4,45193.2,44997.6,2025-09-02 15:41:00+01:00,2025-09-02 17:14:00+01:00
UP,2025-09-02 16:49:00+00:00,2025-09-02 18:04:00+00:00,76,165.6,217.4,76.2,10.4,45031.4,45197.0,2025-09-02 17:49:00+01:00,2025-09-02 19:04:00+01:00
DOWN,2025-09-02 18:07:00+00:00,2025-09-02 18:47:00+00:00,41,-89.6,101.6,88.2,8.0,45190.0,45100.4,2025-09-02 19:07:00+01:00,2025-09-02 19:47:00+01:00
UP,2025-09-02 19:00:00+00:00,2025-09-02 20:00:00+00:00,61,123.4,168.0,73.5,29.6,45168.0,45291.4,2025-09-02 20:00:00+01:00,2025-09-02 21:00:00+01:00
UP,2025-09-03 19:29:00+00:00,2025-09-04 14:06:00+00:00,69,202.4,293.8,68.9,5.0,45062.8,45265.2,2025-09-03 20:29:00+01:00,2025-09-04 15:06:00+01:00
UP,2025-09-04 14:17:00+00:00,2025-09-04 16:26:00+00:00,130,204.0,258.0,79.1,31.6,45276.2,45480.2,2025-09-04 15:17:00+01:00,2025-09-04 17:26:00+01:00
UP,2025-09-04 17:00:00+00:00,2025-09-04 18:26:00+00:00,87,107.4,162.4,66.1,14.4,45470.6,45578.0,2025-09-04 18:00:00+01:00,2025-09-04 19:26:00+01:00
UP,2025-09-08 14:19:00+00:00,2025-09-08 15:35:00+00:00,77,119.0,187.6,63.4,29.0,45340.0,45459.0,2025-09-08 15:19:00+01:00,2025-09-08 16:35:00+01:00
UP,2025-09-08 18:10:00+00:00,2025-09-08 19:08:00+00:00,59,85.0,140.0,60.7,22.4,45351.0,45436.0,2025-09-08 19:10:00+01:00,2025-09-08 20:08:00+01:00
UP,2025-09-08 19:36:00+00:00,2025-09-09 13:44:00+00:00,40,85.0,153.0,55.6,9.0,45425.0,45510.0,2025-09-08 20:36:00+01:00,2025-09-09 14:44:00+01:00
UP,2025-09-09 17:20:00+00:00,2025-09-09 18:43:00+00:00,84,112.6,149.4,75.4,12.4,45629.0,45741.6,2025-09-09 18:20:00+01:00,2025-09-09 19:43:00+01:00
DOWN,2025-09-10 14:24:00+00:00,2025-09-10 15:36:00+00:00,73,-194.2,277.6,70.0,6.0,45645.2,45451.0,2025-09-10 15:24:00+01:00,2025-09-10 16:36:00+01:00
DOWN,2025-09-10 19:03:00+00:00,2025-09-10 19:42:00+00:00,40,-70.0,112.0,62.5,8.6,45484.0,45414.0,2025-09-10 20:03:00+01:00,2025-09-10 20:42:00+01:00
UP,2025-09-10 19:43:00+00:00,2025-09-11 15:06:00+00:00,115,577.4,661.8,87.2,27.0,45440.6,46018.0,2025-09-10 20:43:00+01:00,2025-09-11 16:06:00+01:00
DOWN,2025-09-11 19:59:00+00:00,2025-09-12 14:05:00+00:00,38,-89.0,179.6,49.6,33.6,46101.0,46012.0,2025-09-11 20:59:00+01:00,2025-09-12 15:05:00+01:00
DOWN,2025-09-12 14:10:00+00:00,2025-09-12 14:58:00+00:00,49,-84.0,147.6,56.9,18.6,46026.0,45942.0,2025-09-12 15:10:00+01:00,2025-09-12 15:58:00+01:00
DOWN,2025-09-15 15:02:00+00:00,2025-09-15 16:00:00+00:00,59,-87.0,166.0,52.4,23.0,45888.6,45801.6,2025-09-15 16:02:00+01:00,2025-09-15 17:00:00+01:00
DOWN,2025-09-16 13:38:00+00:00,2025-09-16 14:21:00+00:00,44,-120.4,235.4,51.1,29.0,45852.0,45731.6,2025-09-16 14:38:00+01:00,2025-09-16 15:21:00+01:00
UP,2025-09-16 20:00:00+00:00,2025-09-17 14:12:00+00:00,44,202.0,308.5,65.5,14.5,45771.6,45973.6,2025-09-16 21:00:00+01:00,2025-09-17 15:12:00+01:00
UP,2025-09-18 16:12:00+00:00,2025-09-18 17:03:00+00:00,52,109.0,171.6,63.5,16.0,46193.4,46302.4,2025-09-18 17:12:00+01:00,2025-09-18 18:03:00+01:00
UP,2025-09-19 15:51:00+00:00,2025-09-19 16:50:00+00:00,60,90.6,142.4,63.6,14.4,46207.4,46298.0,2025-09-19 16:51:00+01:00,2025-09-19 17:50:00+01:00
UP,2025-09-22 14:27:00+00:00,2025-09-22 15:24:00+00:00,58,131.0,207.0,63.3,29.4,46255.8,46386.8,2025-09-22 15:27:00+01:00,2025-09-22 16:24:00+01:00
DOWN,2025-09-23 15:19:00+00:00,2025-09-23 16:37:00+00:00,79,-166.6,227.4,73.3,13.4,46643.8,46477.2,2025-09-23 16:19:00+01:00,2025-09-23 17:37:00+01:00
DOWN,2025-09-23 16:55:00+00:00,2025-09-23 18:29:00+00:00,95,-156.0,220.6,70.7,22.6,46473.2,46317.2,2025-09-23 17:55:00+01:00,2025-09-23 19:29:00+01:00
UP,2025-09-23 19:39:00+00:00,2025-09-24 13:49:00+00:00,42,72.4,191.0,37.9,25.6,46352.8,46425.2,2025-09-23 20:39:00+01:00,2025-09-24 14:49:00+01:00
DOWN,2025-09-24 14:55:00+00:00,2025-09-24 16:21:00+00:00,87,-167.8,239.4,70.1,26.6,46383.2,46215.4,2025-09-24 15:55:00+01:00,2025-09-24 17:21:00+01:00
UP,2025-09-25 14:03:00+00:00,2025-09-25 15:01:00+00:00,59,95.0,167.6,56.7,29.6,46043.4,46138.4,2025-09-25 15:03:00+01:00,2025-09-25 16:01:00+01:00
DOWN,2025-09-25 17:18:00+00:00,2025-09-25 18:14:00+00:00,57,-122.0,236.0,51.7,28.0,46049.6,45927.6,2025-09-25 18:18:00+01:00,2025-09-25 19:14:00+01:00
UP,2025-09-25 19:49:00+00:00,2025-09-26 14:06:00+00:00,49,292.0,430.6,67.8,9.0,45988.0,46280.0,2025-09-25 20:49:00+01:00,2025-09-26 15:06:00+01:00
UP,2025-09-26 16:13:00+00:00,2025-09-26 17:45:00+00:00,93,181.0,222.0,81.5,15.0,46176.0,46357.0,2025-09-26 17:13:00+01:00,2025-09-26 18:45:00+01:00
DOWN,2025-09-26 19:04:00+00:00,2025-09-26 19:53:00+00:00,50,-71.0,97.0,73.2,8.0,46366.0,46295.0,2025-09-26 20:04:00+01:00,2025-09-26 20:53:00+01:00
UP,2025-09-29 17:43:00+00:00,2025-09-29 19:06:00+00:00,84,101.4,127.4,79.6,2.0,46246.0,46347.4,2025-09-29 18:43:00+01:00,2025-09-29 20:06:00+01:00
DOWN,2025-09-30 15:09:00+00:00,2025-09-30 15:48:00+00:00,40,-71.0,128.0,55.5,9.0,46272.4,46201.4,2025-09-30 16:09:00+01:00,2025-09-30 16:48:00+01:00
UP,2025-09-30 15:49:00+00:00,2025-09-30 16:46:00+00:00,58,101.0,210.0,48.1,34.0,46234.4,46335.4,2025-09-30 16:49:00+01:00,2025-09-30 17:46:00+01:00
DOWN,2025-09-30 16:47:00+00:00,2025-09-30 17:40:00+00:00,54,-88.0,141.0,62.4,17.0,46321.4,46233.4,2025-09-30 17:47:00+01:00,2025-09-30 18:40:00+01:00
UP,2025-09-30 18:02:00+00:00,2025-09-30 19:39:00+00:00,98,154.0,194.0,79.4,15.6,46252.4,46406.4,2025-09-30 19:02:00+01:00,2025-09-30 20:39:00+01:00
UP,2025-10-01 15:06:00+00:00,2025-10-01 15:55:00+00:00,50,80.6,169.0,47.7,34.4,46453.8,46534.4,2025-10-01 16:06:00+01:00,2025-10-01 16:55:00+01:00
DOWN,2025-10-01 16:12:00+00:00,2025-10-01 17:06:00+00:00,55,-87.0,139.4,62.4,8.4,46521.4,46434.4,2025-10-01 17:12:00+01:00,2025-10-01 18:06:00+01:00
UP,2025-10-01 17:15:00+00:00,2025-10-01 19:07:00+00:00,113,130.6,150.2,87.0,9.6,46434.4,46565.0,2025-10-01 18:15:00+01:00,2025-10-01 20:07:00+01:00
DOWN,2025-10-02 14:02:00+00:00,2025-10-02 15:30:00+00:00,89,-179.0,260.0,68.8,21.0,46559.6,46380.6,2025-10-02 15:02:00+01:00,2025-10-02 16:30:00+01:00
UP,2025-10-02 17:32:00+00:00,2025-10-02 18:50:00+00:00,79,158.0,181.6,87.0,4.6,46470.6,46628.6,2025-10-02 18:32:00+01:00,2025-10-02 19:50:00+01:00
UP,2025-10-02 20:00:00+00:00,2025-10-03 15:00:00+00:00,92,386.1,467.6,82.6,9.5,46593.1,46979.2,2025-10-02 21:00:00+01:00,2025-10-03 16:00:00+01:00
UP,2025-10-03 15:41:00+00:00,2025-10-03 16:59:00+00:00,79,156.0,191.4,81.5,19.0,46929.6,47085.6,2025-10-03 16:41:00+01:00,2025-10-03 17:59:00+01:00
DOWN,2025-10-03 17:14:00+00:00,2025-10-03 18:18:00+00:00,65,-170.0,262.6,64.7,15.0,47051.6,46881.6,2025-10-03 18:14:00+01:00,2025-10-03 19:18:00+01:00
UP,2025-10-06 14:29:00+00:00,2025-10-06 15:34:00+00:00,66,120.0,164.0,73.2,17.0,46602.4,46722.4,2025-10-06 15:29:00+01:00,2025-10-06 16:34:00+01:00
UP,2025-10-06 17:11:00+00:00,2025-10-06 18:15:00+00:00,65,84.0,129.0,65.1,12.0,46685.8,46769.8,2025-10-06 18:11:00+01:00,2025-10-06 19:15:00+01:00
DOWN,2025-10-07 13:47:00+00:00,2025-10-07 14:51:00+00:00,65,-117.4,186.4,63.0,23.0,46800.8,46683.4,2025-10-07 14:47:00+01:00,2025-10-07 15:51:00+01:00
DOWN,2025-10-07 15:23:00+00:00,2025-10-07 16:25:00+00:00,63,-111.0,189.6,58.5,19.6,46663.8,46552.8,2025-10-07 16:23:00+01:00,2025-10-07 17:25:00+01:00
